anrede,vorname,nachname,strasse,hausnr,plz,ort,email,password
Herr,Liam,Müller,Hauptstraße,12,12345,Berlin,liam.m@example.com,$2y$10$cZznY06B189UTH/njTYWWuqH6nddp94HYrCITRaBPsmzMh6/oWeS6
Frau,Emma,Schmidt,Bahnhofsweg,34,23456,Hamburg,emma.s@example.com,$2y$10$cZznY06B189UTH/njTYWWuqH6nddp94HYrCITRaBPsmzMh6/oWeS6
Herr,Noah,Schneider,Marktplatz,56,34567,Frankfurt,noah.s@example.com,$2y$10$cZznY06B189UTH/njTYWWuqH6nddp94HYrCITRaBPsmzMh6/oWeS6
Frau,Olivia,Fischer,Gartenstraße,78,45678,München,olivia.f@example.com,$2y$10$cZznY06B189UTH/njTYWWuqH6nddp94HYrCITRaBPsmzMh6/oWeS6
Frau,Ava,Weber,Dorfplatz,90,56789,Köln,ava.w@example.com,$2y$10$cZznY06B189UTH/njTYWWuqH6nddp94HYrCITRaBPsmzMh6/oWeS6
Herr,Lucas,Wagner,Am Ring,22,67890,Stuttgart,lucas.w@example.com,$2y$10$cZznY06B189UTH/njTYWWuqH6nddp94HYrCITRaBPsmzMh6/oWeS6
Frau,Sophia,Becker,Lindenallee,44,78901,Düsseldorf,sophia.b@example.com,$2y$10$cZznY06B189UTH/njTYWWuqH6nddp94HYrCITRaBPsmzMh6/oWeS6
Frau,Mia,Schulz,Birkenweg,66,89012,Dresden,mia.s@example.com,$2y$10$cZznY06B189UTH/njTYWWuqH6nddp94HYrCITRaBPsmzMh6/oWeS6
Herr,Liam,Hofmann,Ahornstraße,88,90123,Leipzig,liam.h@example.com,$2y$10$cZznY06B189UTH/njTYWWuqH6nddp94HYrCITRaBPsmzMh6/oWeS6
Frau,Emma,Schmitt,Erlenweg,10,71234,München,emma.s1@example.com,$2y$10$cZznY06B189UTH/njTYWWuqH6nddp94HYrCITRaBPsmzMh6/oWeS6
Herr,Noah,Koch,Buchenallee,32,12345,Dresden,noah.k@example.com,$2y$10$cZznY06B189UTH/njTYWWuqH6nddp94HYrCITRaBPsmzMh6/oWeS6
Frau,Olivia,Vogel,Kiefernweg,54,23456,Hamburg,olivia.v@example.com,$2y$10$cZznY06B189UTH/njTYWWuqH6nddp94HYrCITRaBPsmzMh6/oWeS6
Frau,Ava,Mayer,Tannenstraße,76,34567,Köln,ava.m@example.com,$2y$10$cZznY06B189UTH/njTYWWuqH6nddp94HYrCITRaBPsmzMh6/oWeS6
Herr,Lucas,Bauer,Eschenplatz,98,45678,Leipzig,lucas.b@example.com,$2y$10$cZznY06B189UTH/njTYWWuqH6nddp94HYrCITRaBPsmzMh6/oWeS6
Frau,Sophia,Richter,Ulmenweg,20,56789,Berlin,sophia.r@example.com,$2y$10$cZznY06B189UTH/njTYWWuqH6nddp94HYrCITRaBPsmzMh6/oWeS6
Frau,Mia,Kühn,Lindenstraße,42,67890,Frankfurt,mia.k@example.com,$2y$10$cZznY06B189UTH/njTYWWuqH6nddp94HYrCITRaBPsmzMh6/oWeS6
Herr,Liam,Schulz,Birkenweg,64,78901,Stuttgart,liam.s@example.com,$2y$10$cZznY06B189UTH/njTYWWuqH6nddp94HYrCITRaBPsmzMh6/oWeS6
Frau,Emma,Wagner,Fichtenweg,86,89012,Düsseldorf,emma.w1@example.com,$2y$10$cZznY06B189UTH/njTYWWuqH6nddp94HYrCITRaBPsmzMh6/oWeS6
Herr,Noah,Becker,Kastanienplatz,16,90123,Leipzig,noah.b@example.com,$2y$10$cZznY06B189UTH/njTYWWuqH6nddp94HYrCITRaBPsmzMh6/oWeS6
Frau,Olivia,Fischer,Erlenstraße,38,61234,München,olivia.f1@example.com,$2y$10$cZznY06B189UTH/njTYWWuqH6nddp94HYrCITRaBPsmzMh6/oWeS6
Frau,Ava,Weber,Lindenplatz,60,12345,Berlin,ava.w1@example.com,$2y$10$cZznY06B189UTH/njTYWWuqH6nddp94HYrCITRaBPsmzMh6/oWeS6
Herr,Lucas,Schulz,Buchenplatz,82,23456,Hamburg,lucas.s1@example.com,$2y$10$cZznY06B189UTH/njTYWWuqH6nddp94HYrCITRaBPsmzMh6/oWeS6
Frau,Sophia,Hofmann,Ahornweg,4,34567,Frankfurt,sophia.h@example.com,$2y$10$cZznY06B189UTH/njTYWWuqH6nddp94HYrCITRaBPsmzMh6/oWeS6
Frau,Mia,Schmidt,Kiefernpfad,26,45678,München,mia.s1@example.com,$2y$10$cZznY06B189UTH/njTYWWuqH6nddp94HYrCITRaBPsmzMh6/oWeS6
Herr,Liam,Vogel,Eichenallee,48,56789,Köln,liam.v@example.com,$2y$10$cZznY06B189UTH/njTYWWuqH6nddp94HYrCITRaBPsmzMh6/oWeS6
Frau,Elena,Schulz,Buchenplatz,80,89012,Dresden,elena.s@example.com,$2y$10$cZznY06B189UTH/njTYWWuqH6nddp94HYrCITRaBPsmzMh6/oWeS6
Herr,David,Hofmann,Ahornweg,2,90123,Leipzig,david.h@example.com,$2y$10$cZznY06B189UTH/njTYWWuqH6nddp94HYrCITRaBPsmzMh6/oWeS6
Frau,Isabella,Schmidt,Kiefernpfad,24,41234,München,isabella.s@example.com,$2y$10$cZznY06B189UTH/njTYWWuqH6nddp94HYrCITRaBPsmzMh6/oWeS6
Frau,Sophie,Maier,Rosenstraße,14,34567,München,sophie.m@example.com,$2y$10$cZznY06B189UTH/njTYWWuqH6nddp94HYrCITRaBPsmzMh6/oWeS6
Herr,Leon,Krause,Fliederweg,36,45678,Berlin,leon.k@example.com,$2y$10$cZznY06B189UTH/njTYWWuqH6nddp94HYrCITRaBPsmzMh6/oWeS6
Frau,Emilia,Wagner,Sonnenallee,58,56789,Frankfurt,emilia.w@example.com,$2y$10$cZznY06B189UTH/njTYWWuqH6nddp94HYrCITRaBPsmzMh6/oWeS6
Herr,Benjamin,Bauer,Mondstraße,80,67890,Köln,benjamin.b@example.com,$2y$10$cZznY06B189UTH/njTYWWuqH6nddp94HYrCITRaBPsmzMh6/oWeS6
Frau,Ella,Hofmann,Sterngasse,2,78901,Hamburg,ella.h@example.com,$2y$10$cZznY06B189UTH/njTYWWuqH6nddp94HYrCITRaBPsmzMh6/oWeS6
Herr,Finn,Fischer,Wiesenweg,24,89012,Stuttgart,finn.f@example.com,$2y$10$cZznY06B189UTH/njTYWWuqH6nddp94HYrCITRaBPsmzMh6/oWeS6
Frau,Lina,Becker,Amselweg,46,90123,Düsseldorf,lina.b@example.com,$2y$10$cZznY06B189UTH/njTYWWuqH6nddp94HYrCITRaBPsmzMh6/oWeS6
Herr,Milo,Schulz,Lindenstraße,68,71234,Leipzig,milo.s@example.com,$2y$10$cZznY06B189UTH/njTYWWuqH6nddp94HYrCITRaBPsmzMh6/oWeS6
Frau,Maya,Koch,Erlenweg,90,12345,Dresden,maya.k@example.com,$2y$10$cZznY06B189UTH/njTYWWuqH6nddp94HYrCITRaBPsmzMh6/oWeS6
Herr,Luca,Vogel,Buchenplatz,12,23456,Hamburg,luca.v@example.com,$2y$10$cZznY06B189UTH/njTYWWuqH6nddp94HYrCITRaBPsmzMh6/oWeS6
Frau,Amelie,Mayer,Ahornweg,34,34567,Frankfurt,amelie.m@example.com,$2y$10$cZznY06B189UTH/njTYWWuqH6nddp94HYrCITRaBPsmzMh6/oWeS6
Herr,Oscar,Bauer,Kiefernstraße,56,45678,Stuttgart,oscar.b@example.com,$2y$10$cZznY06B189UTH/njTYWWuqH6nddp94HYrCITRaBPsmzMh6/oWeS6
Frau,Eva,Wagner,Birkenplatz,78,56789,Düsseldorf,eva.w@example.com,$2y$10$cZznY06B189UTH/njTYWWuqH6nddp94HYrCITRaBPsmzMh6/oWeS6
Herr,Liam,Richter,Lindenallee,10,67890,Berlin,liam.r@example.com,$2y$10$cZznY06B189UTH/njTYWWuqH6nddp94HYrCITRaBPsmzMh6/oWeS6
Frau,Lina,Kühn,Dorfplatz,32,78901,Köln,lina.k@example.com,$2y$10$cZznY06B189UTH/njTYWWuqH6nddp94HYrCITRaBPsmzMh6/oWeS6
Herr,Henry,Schulz,Am Ring,54,89012,Leipzig,henry.s@example.com,$2y$10$cZznY06B189UTH/njTYWWuqH6nddp94HYrCITRaBPsmzMh6/oWeS6
Frau,Clara,Hofmann,Eschenplatz,76,90123,München,clara.h@example.com,$2y$10$cZznY06B189UTH/njTYWWuqH6nddp94HYrCITRaBPsmzMh6/oWeS6
Herr,Elias,Becker,Ulmenweg,98,21234,Dresden,elias.b@example.com,$2y$10$cZznY06B189UTH/njTYWWuqH6nddp94HYrCITRaBPsmzMh6/oWeS6
Frau,Emma,Schmidt,Birkenweg,20,12345,Stuttgart,emma.s2@example.com,$2y$10$cZznY06B189UTH/njTYWWuqH6nddp94HYrCITRaBPsmzMh6/oWeS6
Herr,David,Fischer,Erlenstraße,42,23456,Frankfurt,david.f@example.com,$2y$10$cZznY06B189UTH/njTYWWuqH6nddp94HYrCITRaBPsmzMh6/oWeS6
Frau,Mia,Weber,Lindenplatz,64,34567,Hamburg,mia.w@example.com,$2y$10$cZznY06B189UTH/njTYWWuqH6nddp94HYrCITRaBPsmzMh6/oWeS6
Herr,Liam,Schulz,Buchenplatz,86,45678,Berlin,liam.s2@example.com,$2y$10$cZznY06B189UTH/njTYWWuqH6nddp94HYrCITRaBPsmzMh6/oWeS6
Frau,Sophia,Hofmann,Ahornweg,8,56789,Köln,sophia.h1@example.com,$2y$10$cZznY06B189UTH/njTYWWuqH6nddp94HYrCITRaBPsmzMh6/oWeS6
Frau,Mila,Schmidt,Kiefernpfad,30,67890,München,mila.s@example.com,$2y$10$cZznY06B189UTH/njTYWWuqH6nddp94HYrCITRaBPsmzMh6/oWeS6
Herr,Luca,Vogel,Eichenallee,52,78901,Düsseldorf,luca.v1@example.com,$2y$10$cZznY06B189UTH/njTYWWuqH6nddp94HYrCITRaBPsmzMh6/oWeS6
Frau,Elena,Schulz,Buchenplatz,74,89012,Dresden,elena.s1@example.com,$2y$10$cZznY06B189UTH/njTYWWuqH6nddp94HYrCITRaBPsmzMh6/oWeS6
Herr,David,Hofmann,Ahornweg,6,90123,Leipzig,david.h1@example.com,$2y$10$cZznY06B189UTH/njTYWWuqH6nddp94HYrCITRaBPsmzMh6/oWeS6
Frau,Isabella,Schmidt,Kiefernpfad,28,81234,München,isabella.s1@example.com,$2y$10$cZznY06B189UTH/njTYWWuqH6nddp94HYrCITRaBPsmzMh6/oWeS6
Herr,Felix,Müller,Ahornstraße,14,34567,München,felix.m@example.com,$2y$10$cZznY06B189UTH/njTYWWuqH6nddp94HYrCITRaBPsmzMh6/oWeS6
Frau,Sophie,Krause,Erlenweg,36,45678,Berlin,sophie.k@example.com,$2y$10$cZznY06B189UTH/njTYWWuqH6nddp94HYrCITRaBPsmzMh6/oWeS6
Herr,Leon,Wagner,Fliederweg,58,56789,Frankfurt,leon.w@example.com,$2y$10$cZznY06B189UTH/njTYWWuqH6nddp94HYrCITRaBPsmzMh6/oWeS6
Frau,Emilia,Bauer,Birkenstraße,80,67890,Köln,emilia.b@example.com,$2y$10$cZznY06B189UTH/njTYWWuqH6nddp94HYrCITRaBPsmzMh6/oWeS6
Herr,Benjamin,Hofmann,Kastanienplatz,2,78901,Hamburg,benjamin.h@example.com,$2y$10$cZznY06B189UTH/njTYWWuqH6nddp94HYrCITRaBPsmzMh6/oWeS6
Frau,Ella,Fischer,Buchenplatz,24,89012,Stuttgart,ella.f@example.com,$2y$10$cZznY06B189UTH/njTYWWuqH6nddp94HYrCITRaBPsmzMh6/oWeS6
Herr,Finn,Becker,Amselweg,46,90123,Düsseldorf,finn.b@example.com,$2y$10$cZznY06B189UTH/njTYWWuqH6nddp94HYrCITRaBPsmzMh6/oWeS6
Frau,Lina,Schulz,Lindenallee,68,21435,Leipzig,lina.s@example.com,$2y$10$cZznY06B189UTH/njTYWWuqH6nddp94HYrCITRaBPsmzMh6/oWeS6
Herr,Milo,Koch,Tannenstraße,90,12345,Dresden,milo.k@example.com,$2y$10$cZznY06B189UTH/njTYWWuqH6nddp94HYrCITRaBPsmzMh6/oWeS6
Frau,Maya,Vogel,Birkenweg,12,23456,Hamburg,maya.v@example.com,$2y$10$cZznY06B189UTH/njTYWWuqH6nddp94HYrCITRaBPsmzMh6/oWeS6
Herr,Luca,Mayer,Ahornweg,34,34567,Frankfurt,luca.m@example.com,$2y$10$cZznY06B189UTH/njTYWWuqH6nddp94HYrCITRaBPsmzMh6/oWeS6
Frau,Amelie,Bauer,Kiefernpfad,56,45678,Stuttgart,amelie.b@example.com,$2y$10$cZznY06B189UTH/njTYWWuqH6nddp94HYrCITRaBPsmzMh6/oWeS6
Herr,Oscar,Wagner,Lindenplatz,78,56789,Düsseldorf,oscar.w@example.com,$2y$10$cZznY06B189UTH/njTYWWuqH6nddp94HYrCITRaBPsmzMh6/oWeS6
Frau,Eva,Richter,Eschenplatz,10,67890,Berlin,eva.r@example.com,$2y$10$cZznY06B189UTH/njTYWWuqH6nddp94HYrCITRaBPsmzMh6/oWeS6
Herr,Liam,Kühn,Dorfplatz,32,78901,Köln,liam.k@example.com,$2y$10$cZznY06B189UTH/njTYWWuqH6nddp94HYrCITRaBPsmzMh6/oWeS6
Frau,Clara,Schulz,Fichtenweg,54,89012,Leipzig,clara.s@example.com,$2y$10$cZznY06B189UTH/njTYWWuqH6nddp94HYrCITRaBPsmzMh6/oWeS6
Herr,Elias,Hofmann,Sterngasse,76,90123,München,elias.h@example.com,$2y$10$cZznY06B189UTH/njTYWWuqH6nddp94HYrCITRaBPsmzMh6/oWeS6
Frau,Emma,Becker,Ulmenweg,98,21435,Dresden,emma.b@example.com,$2y$10$cZznY06B189UTH/njTYWWuqH6nddp94HYrCITRaBPsmzMh6/oWeS6
Herr,Lina,Fischer,Birkenplatz,20,12345,Stuttgart,lina.f@example.com,$2y$10$cZznY06B189UTH/njTYWWuqH6nddp94HYrCITRaBPsmzMh6/oWeS6
Frau,Henry,Wagner,Kiefernstraße,42,23456,Frankfurt,henry.w@example.com,$2y$10$cZznY06B189UTH/njTYWWuqH6nddp94HYrCITRaBPsmzMh6/oWeS6
Frau,Clara,Mayer,Dorfplatz,64,34567,Hamburg,clara.m@example.com,$2y$10$cZznY06B189UTH/njTYWWuqH6nddp94HYrCITRaBPsmzMh6/oWeS6
Herr,Elias,Schulz,Erlenstraße,86,45678,Berlin,elias.s@example.com,$2y$10$cZznY06B189UTH/njTYWWuqH6nddp94HYrCITRaBPsmzMh6/oWeS6
Frau,Sophia,Hofmann,Lindenplatz,8,56789,Köln,sophia.h2@example.com,$2y$10$cZznY06B189UTH/njTYWWuqH6nddp94HYrCITRaBPsmzMh6/oWeS6
Frau,Mila,Schmidt,Buchenplatz,30,67890,München,mila.s1@example.com,$2y$10$cZznY06B189UTH/njTYWWuqH6nddp94HYrCITRaBPsmzMh6/oWeS6
Herr,Luca,Vogel,Eichenallee,52,78901,Düsseldorf,luca.v2@example.com,$2y$10$cZznY06B189UTH/njTYWWuqH6nddp94HYrCITRaBPsmzMh6/oWeS6
Frau,Elena,Becker,Kastanienplatz,74,89012,Dresden,elena.b@example.com,$2y$10$cZznY06B189UTH/njTYWWuqH6nddp94HYrCITRaBPsmzMh6/oWeS6
Herr,David,Hofmann,Ahornweg,6,90123,Leipzig,david.h2@example.com,$2y$10$cZznY06B189UTH/njTYWWuqH6nddp94HYrCITRaBPsmzMh6/oWeS6
Frau,Isabella,Schmidt,Kiefernpfad,28,21435,München,isabella.s2@example.com,$2y$10$cZznY06B189UTH/njTYWWuqH6nddp94HYrCITRaBPsmzMh6/oWeS6
Herr,Paul,Becker,Tannenweg,14,34567,Berlin,paul.b@example.com,$2y$10$cZznY06B189UTH/njTYWWuqH6nddp94HYrCITRaBPsmzMh6/oWeS6
Frau,Marie,Koch,Dorfstraße,36,45678,Düsseldorf,marie.k@example.com,$2y$10$cZznY06B189UTH/njTYWWuqH6nddp94HYrCITRaBPsmzMh6/oWeS6
Herr,Max,Mayer,Eichenweg,58,56789,Köln,max.m@example.com,$2y$10$cZznY06B189UTH/njTYWWuqH6nddp94HYrCITRaBPsmzMh6/oWeS6
Frau,Emily,Vogel,Fichtenstraße,80,67890,München,emily.v@example.com,$2y$10$cZznY06B189UTH/njTYWWuqH6nddp94HYrCITRaBPsmzMh6/oWeS6
Herr,Jonas,Wagner,Amselplatz,2,78901,Frankfurt,jonas.w@example.com,$2y$10$cZznY06B189UTH/njTYWWuqH6nddp94HYrCITRaBPsmzMh6/oWeS6
Frau,Mia,Schmidt,Ulmenweg,24,89012,Leipzig,mia.s3@example.com,$2y$10$cZznY06B189UTH/njTYWWuqH6nddp94HYrCITRaBPsmzMh6/oWeS6
Herr,Liam,Becker,Buchenplatz,46,90123,Stuttgart,liam.b2@example.com,$2y$10$cZznY06B189UTH/njTYWWuqH6nddp94HYrCITRaBPsmzMh6/oWeS6
Frau,Lina,Hofmann,Lindenallee,68,21435,Hamburg,lina.h@example.com,$2y$10$cZznY06B189UTH/njTYWWuqH6nddp94HYrCITRaBPsmzMh6/oWeS6
Herr,Noah,Fischer,Kiefernpfad,90,12345,Berlin,noah.f@example.com,$2y$10$cZznY06B189UTH/njTYWWuqH6nddp94HYrCITRaBPsmzMh6/oWeS6
Frau,Sophie,Kühn,Tannenstraße,12,23456,Dresden,sophie.k4@example.com,$2y$10$cZznY06B189UTH/njTYWWuqH6nddp94HYrCITRaBPsmzMh6/oWeS6
Herr,Elias,Mayer,Kastanienplatz,34,34567,Köln,elias.m@example.com,$2y$10$cZznY06B189UTH/njTYWWuqH6nddp94HYrCITRaBPsmzMh6/oWeS6
Frau,Emma,Wagner,Birkenweg,56,45678,München,emma.w@example.com,$2y$10$cZznY06B189UTH/njTYWWuqH6nddp94HYrCITRaBPsmzMh6/oWeS6
Herr,Leon,Krause,Dorfplatz,78,56789,Hamburg,leon.k2@example.com,$2y$10$cZznY06B189UTH/njTYWWuqH6nddp94HYrCITRaBPsmzMh6/oWeS6
Frau,Mila,Becker,Eschenplatz,10,67890,Frankfurt,mila.b@example.com,$2y$10$cZznY06B189UTH/njTYWWuqH6nddp94HYrCITRaBPsmzMh6/oWeS6
Herr,Benjamin,Schulz,Fichtenweg,32,78901,Stuttgart,benjamin.s@example.com,$2y$10$cZznY06B189UTH/njTYWWuqH6nddp94HYrCITRaBPsmzMh6/oWeS6
Frau,Ella,Hofmann,Sterngasse,54,89012,Leipzig,ella.h2@example.com,$2y$10$cZznY06B189UTH/njTYWWuqH6nddp94HYrCITRaBPsmzMh6/oWeS6
Herr,Henry,Becker,Buchenplatz,76,90123,Düsseldorf,henry.b@example.com,$2y$10$cZznY06B189UTH/njTYWWuqH6nddp94HYrCITRaBPsmzMh6/oWeS6
Frau,Clara,Müller,Erlenstraße,98,21435,Berlin,clara.m4@example.com,$2y$10$cZznY06B189UTH/njTYWWuqH6nddp94HYrCITRaBPsmzMh6/oWeS6
Herr,Liam,Richter,Ahornweg,20,12345,Hamburg,liam.r1@example.com,$2y$10$cZznY06B189UTH/njTYWWuqH6nddp94HYrCITRaBPsmzMh6/oWeS6
Frau,Emilia,Schulz,Buchenplatz,42,23456,Köln,emilia.s@example.com,$2y$10$cZznY06B189UTH/njTYWWuqH6nddp94HYrCITRaBPsmzMh6/oWeS6
Herr,Oscar,Vogel,Lindenstraße,64,34567,Frankfurt,oscar.v@example.com,$2y$10$cZznY06B189UTH/njTYWWuqH6nddp94HYrCITRaBPsmzMh6/oWeS6
Frau,Sophia,Hofmann,Kiefernstraße,86,45678,Stuttgart,sophia.h3@example.com,$2y$10$cZznY06B189UTH/njTYWWuqH6nddp94HYrCITRaBPsmzMh6/oWeS6
Herr,Milo,Schmidt,Eichenallee,8,56789,Düsseldorf,milo.s2@example.com,$2y$10$cZznY06B189UTH/njTYWWuqH6nddp94HYrCITRaBPsmzMh6/oWeS6
Frau,Amelie,Becker,Amselweg,30,67890,München,amelie.b2@example.com,$2y$10$cZznY06B189UTH/njTYWWuqH6nddp94HYrCITRaBPsmzMh6/oWeS6
Herr,David,Müller,Kiefernstraße,74,89012,Berlin,david.m1@example.com,$2y$10$cZznY06B189UTH/njTYWWuqH6nddp94HYrCITRaBPsmzMh6/oWeS6
Frau,Elena,Fischer,Lindenplatz,6,90123,Hamburg,elena.f@example.com,$2y$10$cZznY06B189UTH/njTYWWuqH6nddp94HYrCITRaBPsmzMh6/oWeS6
Herr,Luca,Vogel,Erlenstraße,28,21435,Frankfurt,luca.v3@example.com,$2y$10$cZznY06B189UTH/njTYWWuqH6nddp94HYrCITRaBPsmzMh6/oWeS6